{"train_losses": [4.6804962977241065, 2.3572805647990283, 1.8460998129844666, 1.4561871207461639, 1.1403353500366211, 0.8602357010981616, 0.7315301339766559, 0.5480634202676661, 0.45213460992364324, 0.3819755356452044], "train_F1s": [0.1444707099210104, 0.4523508470108067, 0.529380166809351, 0.5818548273214543, 0.6416403240608747, 0.683805116748192, 0.7334886326329547, 0.7811256516239414, 0.8065926387646108, 0.8314197530778825], "val_losses": [5.194763371324915, 4.368167969185536, 4.0754670411583005, 4.089199486679918, 3.5556162408017737, 3.8331299128494862, 3.587691349307383, 4.248133435962707, 4.522223432702343, 4.6359057332587055], "val_F1s": [0.10492505353319058, 0.19635627530364375, 0.18200202224469164, 0.20564516129032256, 0.35240690281562215, 0.33634719710669075, 0.4142857142857143, 0.291151284490961, 0.31255813953488365, 0.2987012987012987], "test_losses": [6.569884855739819, 5.684272303992176, 5.208737473379566, 5.3412172971813945, 4.689221976706746, 5.193161328757031, 4.889460122548297, 5.69774968321117, 6.1111443446289675, 6.296858800494164], "test_F1s": [0.0631938514090521, 0.12748344370860926, 0.13843648208469053, 0.14403973509933773, 0.217357310398749, 0.20389105058365758, 0.27315753887762, 0.20202020202020202, 0.21592649310872897, 0.22359290670778723]}