{"train_losses": [4.714814550736371, 2.307989009688882, 1.7661267901869382, 1.3912260688052458, 1.1130781794996822, 0.8557509561146007, 0.7135381235795862, 0.5978949240375968, 0.46322186764548806, 0.38609810913310333], "train_F1s": [0.16039373345315083, 0.45461699579685366, 0.5397612381718492, 0.6038052231838009, 0.641315962595115, 0.6897782436152543, 0.7374940822715981, 0.7737866749000796, 0.8077641206768988, 0.8390656044663948], "val_losses": [5.394068516145541, 4.879494360112768, 4.072049681126602, 4.253171178299611, 3.7621771392859813, 3.928656517051336, 3.802975683700381, 4.409570746065125, 4.175714808186208, 4.746700183613094], "val_F1s": [0.10944206008583693, 0.14767932489451474, 0.18367346938775514, 0.18614270941054809, 0.275390625, 0.26822157434402333, 0.3782837127845884, 0.2554027504911591, 0.36860670194003525, 0.2701149425287356], "test_losses": [6.668566046664433, 6.028917586245799, 5.227557641818471, 5.50992964292003, 4.869514667469567, 5.15244374919382, 5.1058657273002295, 5.996341164287481, 5.7882925849523605, 6.373802214675812], "test_F1s": [0.052128583840139006, 0.08777969018932874, 0.11251049538203191, 0.11438183347350714, 0.1746938775510204, 0.17546709991876525, 0.250187265917603, 0.1495480690221857, 0.24164133738601826, 0.16903633491311215]}