{"train_losses": [11.166446102086235, 3.402200498160194, 2.795093422567143, 2.4578969817652423, 2.2190456530627083, 2.033901046514511, 1.8853433142690097, 1.7575240048590828, 1.647301267595852, 1.5513081234693527, 1.4633092898831648, 1.384162375646479, 1.31369359794785, 1.246185253087212, 1.1859486164064967, 1.1274028879053453, 1.0755287448097677, 1.0264435640503378, 0.9795191877729752, 0.936647876290714, 0.8962519184280844, 0.8583122498147628, 0.8249351835250854, 0.791036616563797, 0.7616856840077568, 0.7317552443111645, 0.7046706172999214, 0.6784482299580293, 0.6545122046330396], "train_F1s": [5.060088551549652e-05, 0.12399188846928785, 0.2745898837195505, 0.3293092605924038, 0.38219740884715186, 0.41682079520322024, 0.4529480425474122, 0.4754874719284782, 0.5070822212123434, 0.526696277390059, 0.534499948286539, 0.5661816019495859, 0.5874259367238084, 0.5782435055181953, 0.6066205176804398, 0.6135890801052195, 0.6327022192499615, 0.6486496897131626, 0.6419576739724254, 0.6644340502178465, 0.6799575128132451, 0.7042779555902968, 0.6978909903318391, 0.7164324862081508, 0.705700981700603, 0.7192100217856398, 0.7277974364028625, 0.7241086322607119, 0.7337176300164178], "val_losses": [5.005327335492832, 4.198993581017171, 3.8100452920583288, 3.689258209363682, 3.597041450147554, 3.4001001438756626, 3.3419257604231047, 3.217081394251876, 3.2307190205168537, 3.110587786032459, 3.135495826953978, 3.1098539444405264, 3.0265082890593162, 3.092407158509953, 2.971851009552873, 2.9862628485274127, 2.9298465998153986, 2.9405842503224773, 2.8998874041039175, 2.891099220185768, 2.9313044890644044, 2.8783386598421834, 2.8776137359498994, 2.9185966398772294, 2.9472130231969937, 2.832466494849348, 2.8603697822788567, 2.896253440323777, 2.8704393468503877], "val_F1s": [0.007134363852556481, 0.2644135188866799, 0.354014598540146, 0.35799086757990867, 0.3986013986013986, 0.4236706689536879, 0.41760138050043144, 0.43293718166383705, 0.4408783783783784, 0.44519392917369316, 0.43321917808219185, 0.43574468085106377, 0.45781119465329995, 0.44142614601018676, 0.45757071547420963, 0.44763513513513514, 0.467382328654005, 0.46192052980132453, 0.4612822647793506, 0.4550797649034425, 0.4602510460251045, 0.4612822647793506, 0.4680497925311203, 0.4644945697577276, 0.4576697401508801, 0.47485572959604283, 0.46913580246913594, 0.46319272125723737, 0.46396023198011593], "test_losses": [6.092299911271642, 5.188122625052003, 4.7696957952857755, 4.62333394540763, 4.466877988961913, 4.339994930147384, 4.296140176446722, 4.159672598904057, 4.191308493939986, 4.063737619182338, 4.085767650433024, 4.066077080989106, 3.990114787593484, 4.0536310012272985, 3.9450268579172607, 3.958550954642503, 3.8861655163468782, 3.9168210368349397, 3.874603752422823, 3.8567191891789148, 3.90978984198076, 3.849901880907021, 3.834370817827187, 3.8926059361200154, 3.9268114622335255, 3.8144064834399254, 3.849092637344917, 3.8761712046953276, 3.8597713392112194], "test_F1s": [0.012692656391659111, 0.1838529176658673, 0.25375375375375375, 0.26417910447761195, 0.28885630498533726, 0.30813534917206625, 0.30880230880230886, 0.3181818181818182, 0.3305084745762712, 0.3319209039548023, 0.3243626062322946, 0.3283793347487615, 0.3412587412587413, 0.33027522935779813, 0.3403068340306834, 0.3375350140056022, 0.35196687370600416, 0.3417015341701534, 0.34878892733564015, 0.3416666666666667, 0.34214186369958277, 0.34535367545076284, 0.34463667820069205, 0.3428571428571428, 0.34033613445378147, 0.3536668951336532, 0.354639175257732, 0.34800550206327374, 0.3482450103234687]}