{"train_losses": [0.7172285812567262, 0.24410016805810086, 0.2016854848405894, 0.1788946513305692, 0.1637551841402755, 0.1518385569444474, 0.14340049382956588, 0.13571264392312835, 0.12972931518055061, 0.124025264430572, 0.11927852863445879, 0.11481335447991596, 0.11139760422027287, 0.10810694209135631, 0.10479042728157605, 0.10096661226221305, 0.09847816837732407, 0.09558027772561592, 0.09286909822922419, 0.09051345269250519, 0.0882999910803183], "train_F1s": [0.00015063451123023465, 0.003083269671504966, 0.08004535572483122, 0.1744720486013511, 0.23445729161063342, 0.2838957509937453, 0.3288865387493593, 0.3475837002820272, 0.37862563424123596, 0.3964233538042143, 0.41312223772644857, 0.44801461716413454, 0.46162193930636836, 0.45025499950719405, 0.47557962271751947, 0.4810118651335916, 0.49950375277163617, 0.5069989629524354, 0.5022653765846541, 0.515407870488038, 0.5326999151053453], "val_losses": [0.5239066126074378, 0.43599836762965194, 0.4043375691325646, 0.38877892896063687, 0.41142304177124667, 0.3637991200868539, 0.36392933706657626, 0.35621225907225307, 0.35153311643544144, 0.3489609784849985, 0.34730755329484075, 0.3492618669264429, 0.34717588267457766, 0.35172372098689475, 0.3391474272586464, 0.341666526065802, 0.345303170514975, 0.34084840344749096, 0.341155379189281, 0.342194439755298, 0.3459025409923294], "val_F1s": [0, 0.02573099415204678, 0.19381443298969075, 0.26146341463414635, 0.31086142322097376, 0.35934664246823955, 0.3501374885426214, 0.3700361010830325, 0.3834652594547054, 0.38010657193605685, 0.38204225352112675, 0.38630377524143994, 0.39757994814174585, 0.3887915936952714, 0.4044368600682594, 0.4013722126929674, 0.4, 0.4083682008368201, 0.40338983050847455, 0.39897698209718674, 0.40338983050847455], "test_losses": [0.4610437388236848, 0.38971271899222215, 0.35812915232240783, 0.3442593087552127, 0.3300428816713161, 0.323512268547686, 0.3213603112800336, 0.317524080613038, 0.31487663071718275, 0.30980463295318883, 0.31253838978754067, 0.3086576287906547, 0.3068487335008031, 0.3105027786707679, 0.30472809186216837, 0.3064770173998723, 0.31150104704758397, 0.30427942423855664, 0.30891530868244466, 0.3105877617038555, 0.30960922232418325], "test_F1s": [0, 0.03365810451727192, 0.14133114215283482, 0.17721518987341772, 0.21934501142421936, 0.243829468960359, 0.24437781109445278, 0.2626112759643917, 0.2710622710622711, 0.27165932452276065, 0.27379209370424595, 0.2826086956521739, 0.28489620615604866, 0.28530259365994237, 0.29320113314447593, 0.29199149539333813, 0.29316420014094435, 0.3000697836706211, 0.2969187675070028, 0.297962052002811, 0.3004231311706629]}