{"train_losses": [5.614393802250133, 2.6801439304912793, 2.0794328099839827, 1.7018995299058801, 1.4228112275460187, 1.1356261606076183, 0.8803454858415267, 0.7809998029821059, 0.5997516560554504, 0.4942035893832936, 0.4201480366201962, 0.36473700719721175, 0.3141670586081112], "train_F1s": [0.05372257665441056, 0.35656029047412013, 0.46032697878897916, 0.5223710741637526, 0.5561193382388064, 0.6122735991176775, 0.684098503167414, 0.7042310952573951, 0.7528820758374354, 0.7825574734807428, 0.8002115388329429, 0.8286758776691476, 0.8593017232787228], "val_losses": [4.111115936219223, 3.8689080312496094, 3.3360669443926474, 3.6453659374882856, 3.175685193594985, 3.363257179110069, 3.3434003216075148, 3.4879762098545166, 3.708650678161561, 3.9545143035453134, 4.76461281738882, 4.184317769497398, 4.907965340013579], "val_F1s": [0.40067624683009295, 0.4332755632582322, 0.4701064701064701, 0.42680776014109345, 0.49270664505672607, 0.4902255639097745, 0.49768875192604006, 0.4640625, 0.4811320754716981, 0.5172667156502571, 0.4706827309236948, 0.5169555388093443, 0.47581284694686754], "test_losses": [5.274517176685109, 4.942537028388762, 4.560372247204462, 4.986078686595704, 4.270600782788319, 4.588005071471197, 4.623773183141436, 5.04302667032476, 5.224106126320288, 5.371289827438705, 6.4052646289702855, 5.651112042123058, 6.491336898932809], "test_F1s": [0.3020979020979021, 0.3290229885057472, 0.35870284579748507, 0.32534495279593323, 0.37615894039735104, 0.38242280285035624, 0.3893805309734513, 0.3426200355660937, 0.3765586034912718, 0.3930911256700417, 0.3775959723096287, 0.40311004784689, 0.37106918238993714]}