{"train_losses": [0.1542353784367217, 0.11218242820498626, 0.10782918452181124, 0.09509271948269127, 0.09146639917417235, 0.08543032032417927, 0.08067163160447807, 0.08462823008178674, 0.08018579409989525, 0.07436141800529288, 0.07142006752455432, 0.0698828760793382, 0.07225165438480968, 0.06839073416172017, 0.06833752285790408, 0.06718816054461586, 0.0628877286799252, 0.06681111172753249, 0.06101780904181234], "train_F1s": [0.18214628805022343, 0.3418508373338318, 0.37164357152457556, 0.4256853158534606, 0.4475587532215633, 0.4480748296234141, 0.5035241730612035, 0.47054437145418404, 0.4825719588282311, 0.5213402650466586, 0.5205255578632692, 0.5369095149067088, 0.5324834706402921, 0.5376645284601452, 0.5328641710693919, 0.5379355214896575, 0.5564031525271922, 0.5488502353595023, 0.5654266293609067], "val_losses": [0.11013286499340962, 0.13565974193072255, 0.08265504982361771, 0.09520918144144137, 0.09691297168791844, 0.07590881922456748, 0.08128622942665557, 0.06982292961894404, 0.06462147355627633, 0.0659993761747407, 0.06925319207925595, 0.06594005029827926, 0.07118056891522909, 0.06736320826362592, 0.06529649725155585, 0.06138663797972277, 0.07086617586947486, 0.06843849472544282, 0.06681539610490242], "val_F1s": [0.23902312288906208, 0.21479004087699743, 0.36325088339222616, 0.3270547945205479, 0.31911889296808815, 0.4057649667405765, 0.38628649015614397, 0.469763365468887, 0.4892703862660944, 0.4991039426523297, 0.4925764192139738, 0.5163934426229507, 0.5105428443248093, 0.5413385826771654, 0.49333906317146536, 0.5854724194429274, 0.5203252032520325, 0.5304792926942765, 0.5423387096774194], "test_losses": [0.09139361406635979, 0.11264629905376251, 0.07463083876678663, 0.08534611583018278, 0.08249749394623451, 0.06576526326784868, 0.07184483347591746, 0.06353847880502604, 0.0588331463231896, 0.05784789457248127, 0.06157390721716897, 0.060367922546384435, 0.05881212734883385, 0.06056892708730623, 0.06005041071794171, 0.05811508329306569, 0.0621555214950248, 0.057721776614933586, 0.060921768380442776], "test_F1s": [0.19043015949734168, 0.18063958513396716, 0.3003858711783912, 0.26211693110193435, 0.25150905432595577, 0.3587331451865789, 0.3242683242683243, 0.39553314121037464, 0.40832157968970373, 0.4135393671817513, 0.40539581114660983, 0.41559370529327605, 0.4257784214337436, 0.44901185770750984, 0.40944881889763773, 0.45669969840585956, 0.4199695121951219, 0.43386627906976744, 0.44649298597194387]}