{"train_losses": [0.060721895819265403, 0.028880511769979876, 0.020298628607980086, 0.014978359748177291, 0.014298077698218779, 0.009605034750602828, 0.0069267844565122074], "train_F1s": [0.3259843240808463, 0.6526709327799955, 0.7227102616170925, 0.763214547448798, 0.7890738147542665, 0.831468128595843, 0.8556580490981517], "val_losses": [0.045040104330559126, 0.03374662596086104, 0.035536783790070865, 0.03542169288481465, 0.049269157547367326, 0.05978980698133374, 0.05557229722571216], "val_F1s": [0.4649484536082474, 0.5640506329113923, 0.6028806584362141, 0.6203534430225472, 0.6005420054200541, 0.5705458290422246, 0.6063947078280044], "test_losses": [0.03877267776554601, 0.03817575798246057, 0.038740735088053736, 0.033591580251629484, 0.04611830531400337, 0.05992417233485963, 0.047585883408649166], "test_F1s": [0.3639865190178142, 0.41334355828220853, 0.44885011895321175, 0.47355883754168654, 0.45241143832693126, 0.43956889915319475, 0.47288503253796105]}