{"train_losses": [0.1098655309623777, 0.04548897025361094, 0.02962352928784296, 0.023997771255710666, 0.01745357423626151, 0.01245523797581324, 0.01026157857320324, 0.009580947858284247], "train_F1s": [0.2798242001294483, 0.6279203731860585, 0.7391086725433436, 0.7703930137371058, 0.8303743184646445, 0.8818522400680476, 0.9050290215976183, 0.9019189545640799], "val_losses": [0.06651704069374419, 0.0471703564658476, 0.049686986001117504, 0.054972956383092166, 0.0651712493352361, 0.07158071314927533, 0.09269760853908038, 0.09467906210129826], "val_F1s": [0.45958646616541354, 0.6056096164854035, 0.6048071548351034, 0.6034793041391721, 0.6185792349726776, 0.616822429906542, 0.5495542737283691, 0.5678009141696293], "test_losses": [0.060352359989013976, 0.04852358917504458, 0.048119522770481114, 0.049049169302139026, 0.06340269443153487, 0.07283935695986789, 0.0855405603795506, 0.08514561185251292], "test_F1s": [0.3786838918046023, 0.49075327018493453, 0.48425011753643626, 0.489455615497793, 0.4922431865828092, 0.45898989898989906, 0.43294117647058816, 0.45229950589129614]}