{"train_losses": [2.144077548357655, 1.064630973757754, 0.8540203665408483, 0.7497855193935492, 0.6557363406318912, 0.5966627202320315, 0.5054104169464904, 0.4746233835546272, 0.43423515317955946, 0.36596873367706095, 0.34443950794884803], "train_F1s": [0.20774894356939447, 0.5548884465171092, 0.6316027009568523, 0.657281788621962, 0.6944089384250816, 0.7250302736363121, 0.7484817453692629, 0.7592793599044055, 0.7789182150119099, 0.8074883452050245, 0.8155549616351216], "val_losses": [0.6247636242167617, 0.5054043746678685, 0.4845325881541562, 0.5039512121897575, 0.48861817594882995, 0.5424323889542381, 0.48144993559508964, 0.43639406654246565, 0.5165357409158137, 0.4876283934846088, 0.46280325390889965], "val_F1s": [0.5401038661281016, 0.613849765258216, 0.6134831460674157, 0.6186252771618626, 0.6192419825072886, 0.5968063872255489, 0.6076086956521738, 0.6465721040189124, 0.6179138321995465, 0.637911464245176, 0.6408450704225351], "test_losses": [0.837100699081184, 0.7009012803404474, 0.7045652327700431, 0.6867828552782782, 0.7093575352660185, 0.7181931552756771, 0.7092256692409762, 0.6984231546675443, 0.7236044598110869, 0.718159268785646, 0.7101342214529806], "test_F1s": [0.4248424842484248, 0.49484536082474223, 0.49346120313862246, 0.5057067603160668, 0.510036496350365, 0.4933279417711282, 0.5088809946714032, 0.4962999506660089, 0.5132743362831859, 0.5109276347741623, 0.5110348209906816]}