{"train_losses": [5.930152092881046, 2.3532428660303215, 1.9630940331259803, 1.7340232515838785, 1.5240195706276827, 1.3522473108460646, 1.2145646526500093, 1.0776915175254356, 0.9800818591190615, 0.8662251937137523, 0.7872919167081515, 0.6987619800187053, 0.6332738742302281, 0.5692542266677802, 0.5226331225863086], "train_F1s": [0.19399728757275794, 0.4367939343934527, 0.5044296374416949, 0.5411474996797534, 0.6175257316736624, 0.6253300258301154, 0.6602685120597352, 0.6964066849588764, 0.7318703379181334, 0.7452031862508531, 0.7701529863247337, 0.78919282660274, 0.7973879788339275, 0.845436957816288, 0.8642045985559019], "val_losses": [3.5903252018615603, 3.1034076074138284, 3.2815957628190517, 3.0850689876824617, 3.0116251478902996, 3.124188505113125, 3.1608169549144804, 3.0113704036921263, 2.9986251778900623, 3.1276994179934263, 3.104536196216941, 2.9856872241944075, 3.3307613460347056, 3.146247025579214, 3.461256790906191], "val_F1s": [0.4249384741591468, 0.4884080370942812, 0.46302250803858525, 0.5142428785607196, 0.501906941266209, 0.4937694704049845, 0.504868913857678, 0.5025053686471009, 0.49554896142433236, 0.4931297709923665, 0.5, 0.5205091937765205, 0.4700389105058366, 0.5133136094674555, 0.46335697399527187], "test_losses": [4.625499003279356, 4.12834373925939, 4.267682051217115, 3.954190413157145, 4.111447718500355, 4.270938164554536, 4.20472412859952, 4.043128819377334, 4.231457731606407, 4.365848828035257, 4.529863206324934, 4.3452237248420715, 4.7758328083120745, 4.592988884007579, 4.9969876787544765], "test_F1s": [0.3039014373716632, 0.37191650853889946, 0.349705304518664, 0.39114391143911437, 0.37429111531190923, 0.38174807197943444, 0.3893366398016119, 0.401863715783343, 0.38647342995169076, 0.37022900763358785, 0.3651090342679128, 0.39789964994165694, 0.34575835475578404, 0.3703249540159412, 0.34726688102893893]}