{"train_losses": [8.340970472550728, 2.6487784869793995, 2.3102763800973625, 2.1190397842948987, 1.9810166795488815, 1.8692415393714055, 1.7882246109591404, 1.700320186539435, 1.6386616740358269, 1.5738221066238736, 1.531719823188625, 1.4731472359506737, 1.4120897641624084], "train_F1s": [0.1375556487095855, 0.39635042614029337, 0.4389613056576565, 0.46032056624882006, 0.4873738322901988, 0.4985781947681787, 0.5114463756250883, 0.5169945378756587, 0.5471830088861559, 0.5558437968819651, 0.5512623582138013, 0.5859398002011101, 0.582438399119244], "val_losses": [3.948863372206688, 3.3906058575958014, 3.3337050396949053, 3.356251595541835, 3.1080800592899323, 3.145588076673448, 3.1068073119968176, 3.155621811747551, 2.8234856259077787, 2.8561784140765667, 2.87561278603971, 2.944041353650391, 2.9276626463979483], "val_F1s": [0.3666377063423111, 0.4415372035977106, 0.4544, 0.4795597484276729, 0.47604084838963084, 0.48973143759873616, 0.5015197568389058, 0.48844375963020037, 0.5062916358253146, 0.5075528700906344, 0.5041888804265042, 0.48540706605222733, 0.48578016910069177], "test_losses": [4.859780267800814, 4.264739866989355, 4.199111846126156, 4.038544985247247, 4.042463749348197, 4.04783275255784, 3.87454063013012, 3.9357301309520816, 3.799024229065837, 3.804924619576698, 3.8519249326660137, 3.9269367125299244, 3.927202898411103], "test_F1s": [0.2782853127196065, 0.33785617367706916, 0.355525965379494, 0.3661599471249174, 0.3780568407138136, 0.3697368421052632, 0.39616613418530344, 0.38942617666021917, 0.3925465838509316, 0.38857142857142857, 0.3901203293223559, 0.386277001270648, 0.38107416879795397]}