{"train_losses": [6.187085644739894, 2.6854064489754155, 2.0351958216076165, 1.7843920907504123, 1.370825107248736, 1.1222953316471387, 0.9404636996452798], "train_F1s": [0.04640106973527518, 0.3841391630001788, 0.5121390935147994, 0.5580587917258643, 0.6298543468364266, 0.6813811012672252, 0.7145944874095874], "val_losses": [4.102997958660126, 3.5556340720504522, 3.2583343610167503, 3.3249288871884346, 3.460348155349493, 3.63126162532717, 3.968038411810994], "val_F1s": [0.39378238341968913, 0.45950413223140496, 0.4968553459119497, 0.5137470542026709, 0.47534357316087295, 0.5, 0.45880452342487876], "test_losses": [5.19599038399296, 4.586547047267725, 4.345603693782727, 4.222132237973036, 4.7178194746835, 4.8495269312672775, 5.044711526897219], "test_F1s": [0.29, 0.34453781512605036, 0.3680297397769517, 0.3915547024952016, 0.37418513689700134, 0.37017310252996005, 0.3758730158730159]}