{"train_losses": [5.308453369798235, 2.3268699861468285, 1.8095793926939718, 1.502917497300766, 1.112702037666885, 0.9077730748295224, 0.6685155483898423], "train_F1s": [0.1453199882843577, 0.4925400646556184, 0.6011695392062671, 0.6189424769381221, 0.7247603820237563, 0.7450304768479721, 0.8051210364138778], "val_losses": [4.479442713782191, 5.233594166114926, 4.491311639547348, 3.7219502246007323, 5.094742733985186, 4.331606211140752, 4.532065214589238], "val_F1s": [0.11814345991561181, 0.1468459152016546, 0.17461928934010154, 0.3833757421543681, 0.16494845360824745, 0.23928215353938184, 0.2583170254403131], "test_losses": [5.618936044199932, 6.487838367621823, 5.507055404009642, 4.764775879589128, 6.632835653096, 5.611264590024488, 5.833811618847611], "test_F1s": [0.07136788445199661, 0.07419898819561552, 0.1141439205955335, 0.24836601307189543, 0.11204013377926421, 0.15094339622641512, 0.1824051654560129]}