{"train_losses": [0.7008608672330637, 0.2419243169327577, 0.19946786936180133, 0.1762027473149585, 0.16129803594569087, 0.15037398941010377, 0.14185095457753666, 0.13425446375155112, 0.12798094117200712, 0.1227014429097724, 0.11815037619444965, 0.11756950050609911, 0.11012422388743066, 0.10653096663944878, 0.10397543067313696], "train_F1s": [0.00048437730835434594, 0.00677994696766772, 0.12247756076877728, 0.2082578617510065, 0.28215230199039426, 0.3252590675414715, 0.3643882033201472, 0.40196113470480155, 0.4228794119551041, 0.42691592984271637, 0.4783408577665204, 0.4734353491371244, 0.5017422670488807, 0.5125616315800893, 0.5184195910909505], "val_losses": [0.5161246177740395, 0.45622384012676775, 0.41900442400947213, 0.4511663659941405, 0.3659896884346381, 0.3989748377352953, 0.4258153554983437, 0.4480189580353908, 0.3590070486534387, 0.3570260248379782, 0.34514569997554645, 0.33835678454488516, 0.3406442977138795, 0.34477815486025065, 0.3402316503925249], "val_F1s": [0, 0.05069124423963133, 0.15856236786469344, 0.27439613526570045, 0.3127340823970038, 0.3382899628252788, 0.37209302325581395, 0.36742081447963804, 0.38556338028169007, 0.3849518810148732, 0.3867016622922135, 0.3972484952708512, 0.3923278116826504, 0.39619377162629754, 0.3892733564013841], "test_losses": [0.46515325870778823, 0.38837727039684483, 0.3596881192959385, 0.34610877342430163, 0.33183069798497505, 0.32699609405280633, 0.32024081115737374, 0.3197536728816268, 0.3107253302026678, 0.312025619532775, 0.311312709417608, 0.30957008042821177, 0.3121798661204032, 0.3070836430530489, 0.3088353920130082], "test_F1s": [0, 0.03876651982378854, 0.11251049538203191, 0.18695993715632367, 0.22070015220700154, 0.23981900452488686, 0.2611275964391691, 0.26280623608017817, 0.27379209370424595, 0.2770123277737491, 0.2768115942028985, 0.28979300499643107, 0.28674351585014407, 0.28836545324768026, 0.28917378917378916]}