{"train_losses": [5.217753813999919, 1.554571012795811, 0.9795782322614965, 0.6814726710039685, 0.4891633760761207, 0.45856912175254644, 0.36711708536730125], "train_F1s": [0.28105728533149243, 0.594769241751716, 0.7206610856089714, 0.7875396986840156, 0.8514760578494467, 0.8557657173292963, 0.8876585915094752], "val_losses": [2.7427117195911705, 2.477674507535994, 3.079201113432646, 3.272008402273059, 5.117198618128896, 4.432269966229796, 5.6338703371584415], "val_F1s": [0.6009648518263266, 0.6535867565910485, 0.6287227001985441, 0.6550218340611353, 0.6150598170302604, 0.6418918918918918, 0.6235955056179775], "test_losses": [4.174368811610305, 3.6744437828490417, 4.42429949398412, 4.7765911184711225, 7.314364538056615, 6.365896469070798, 7.990367553852223], "test_F1s": [0.45012165450121655, 0.5009881422924901, 0.4732824427480916, 0.5235873509590461, 0.4573829531812724, 0.5060240963855421, 0.48771719592570395]}