{"train_losses": [4.880203947494847, 2.0241698880150842, 1.6258489900911357, 1.39548004722931, 1.1332841263690465, 1.0434813167847379, 0.895121629249322, 0.7642344545590486, 0.6869473948445118, 0.6057946421730687, 0.5953871109675913, 0.5412082357305876, 0.44734679883074874], "train_F1s": [0.15055678926397553, 0.5114093566808628, 0.5849088172789972, 0.6091345950549791, 0.691080178120626, 0.6702736779966518, 0.7216880924059489, 0.7309686214746702, 0.7821117744971982, 0.7906138329415129, 0.7887990532734239, 0.7923513040195705, 0.8368626594692545], "val_losses": [2.8326876275241375, 2.4097746619954705, 2.7341661769896746, 2.435110880061984, 2.4817917365580797, 2.4391337418928742, 2.7150468919426203, 2.6391220903024077, 2.4029074208810925, 2.5980009883642197, 2.6315930583514273, 2.711596179753542, 3.1420972030609846], "val_F1s": [0.5514223194748359, 0.6439790575916231, 0.6199999999999999, 0.6754098360655738, 0.6589041095890411, 0.6772413793103448, 0.6716216216216215, 0.658520027155465, 0.6762589928057554, 0.679340937896071, 0.6728971962616822, 0.6711864406779662, 0.6519886363636364], "test_losses": [4.222968116034696, 3.5595050682256253, 4.140078745138498, 3.535266783502367, 4.084541800719353, 3.882734157880883, 4.033041962870845, 4.106045807953234, 3.8252269574182316, 3.9914904761366707, 4.278692908682803, 4.523261286410285, 5.362984279791514], "test_F1s": [0.4035087719298245, 0.5184799583550234, 0.4675810473815461, 0.5347826086956522, 0.487225193107546, 0.5065710872162486, 0.5073399882560187, 0.49083382613837967, 0.5345572354211663, 0.5423016290068314, 0.52, 0.5118978525827046, 0.48025078369905955]}