{"train_losses": [2.1548229430287265, 1.5015826573724833, 1.345122746065304, 1.1888356496920398, 1.0954930048964895, 1.0045469134505782, 0.9353052055142437, 0.9248602726915992, 0.8961129086120251, 0.8237515252950148, 0.7902488335404331, 0.755335840697645, 0.7417211998985613, 0.7153576782417802, 0.6964579369771516], "train_F1s": [0.056867849538851024, 0.20013346773656557, 0.3197150160615186, 0.3801766532510221, 0.44064127725330415, 0.47645256896807014, 0.5074781628204504, 0.505862109187263, 0.496980093969802, 0.5367631296699792, 0.5644203803973897, 0.5497020963393173, 0.5701619440664962, 0.5863022194616941, 0.5807564764745471], "val_losses": [0.7979924652066898, 0.790330477132607, 0.5487070387440652, 0.6685176098173715, 0.6643460790840491, 0.5576887230995777, 0.484766582169602, 0.442545374870143, 0.4137015045082349, 0.4599400122200279, 0.4014909562303397, 0.39431185752035447, 0.4471102351799489, 0.4403959802870386, 0.4482914223519982], "val_F1s": [0.18608414239482196, 0.4029990627928772, 0.5577536694320356, 0.526207605344296, 0.5025498377375985, 0.5907314349525404, 0.6031573217201961, 0.649666059502125, 0.6529126213592233, 0.6325193567599762, 0.6567901234567901, 0.6626722588376274, 0.6349397590361446, 0.6271855611957134, 0.6301518438177873], "test_losses": [0.9419223381433921, 0.9366044227311515, 0.7327823025824244, 0.8217256724232842, 0.8425003592788741, 0.733604989043489, 0.6537591004339249, 0.6014367858676807, 0.5739912192103902, 0.6100733766937725, 0.5762701485437143, 0.5535028937926388, 0.6147770241064869, 0.6225977612632341, 0.6045205271947458], "test_F1s": [0.1192334989354152, 0.3308702791461412, 0.4134256792754395, 0.43215211754537597, 0.41648431801604663, 0.481498401096391, 0.49319877139096097, 0.5105074320861097, 0.5226480836236934, 0.5078560567663457, 0.517503805175038, 0.5293233082706766, 0.5186621425109064, 0.5233560090702948, 0.5288966725043783]}