{"train_losses": [9.45014148104079, 2.371429649667001, 1.9731800676511486, 1.7752967250179237, 1.6119427888745992, 1.5413588682810466, 1.4519029823547238, 1.3736695067283693, 1.32880008997212, 1.2746895939251626, 1.2587212676033728, 1.1968100152105232, 1.169825943003238, 1.1028326896714493, 1.1169783076350117, 1.0592310335574575, 1.030030863945473, 0.9783869308764945, 0.9579818169695671, 1.0023452350651154], "train_F1s": [0.10264890689928703, 0.43594925088237557, 0.5210565626569318, 0.5550170339964311, 0.5862760907684098, 0.5838514475011396, 0.6015522207905367, 0.6057525942705856, 0.6157723509042088, 0.6207803209837724, 0.6337824482705476, 0.6297172094232532, 0.6453991358847028, 0.683123894344097, 0.6545464814648774, 0.6765679101668227, 0.6856449767082805, 0.6803790171154575, 0.6914781406817837, 0.6792190692368868], "val_losses": [3.7163823787122965, 2.9297656202688813, 2.7574825305491686, 2.747383547015488, 2.544660795480013, 2.6091673225164413, 2.608970948494971, 2.5310681965202093, 2.326903604902327, 2.352597525343299, 2.3220958495512605, 2.2274950966238976, 2.2757615339942276, 2.271181335672736, 2.229106917977333, 2.3504668418318033, 2.177527569234371, 2.2649041172116995, 2.2475751265883446, 2.2501867432147264], "val_F1s": [0.44663382594417084, 0.5577060931899641, 0.5765124555160143, 0.6086350974930361, 0.6014084507042252, 0.6047486033519553, 0.6162310866574965, 0.6205943331029717, 0.6193103448275862, 0.6385296119809394, 0.6294765840220387, 0.6397306397306397, 0.6352459016393442, 0.6413268832066344, 0.6475017111567419, 0.6462585034013605, 0.6516084873374401, 0.6419753086419754, 0.6465863453815262, 0.6382978723404256], "test_losses": [5.213434267191239, 4.169867012235853, 3.9967672589384478, 3.71287210708783, 3.794914339542573, 3.694044776858739, 3.524341790948385, 3.5776295989383886, 3.5139497020224364, 3.4649632924730764, 3.535278039811938, 3.3923468398459162, 3.4474748648979046, 3.473862477681703, 3.3810805008735185, 3.438867805180726, 3.345034463722029, 3.4344959130947603, 3.3970541153792984, 3.4167729457955303], "test_F1s": [0.2733188720173536, 0.3895607893061744, 0.403530895334174, 0.451847365233192, 0.4445812807881773, 0.44972577696526517, 0.47528290649195953, 0.4765906362545017, 0.4794275491949911, 0.4861683343143025, 0.47914183551847433, 0.4938560561732008, 0.48674130819092515, 0.4844124700239808, 0.47976190476190467, 0.4844209288653733, 0.48352941176470593, 0.4914150384843103, 0.4977064220183486, 0.485781990521327]}