{"train_losses": [0.42730990765799937, 0.15908499520289507, 0.1274924172359593, 0.11299847012184595, 0.10146385492721983, 0.0961363744821417, 0.09037449234055941, 0.08150390095728943, 0.07856438708154947, 0.07236919859249337, 0.07052218698909585, 0.0657536891888075], "train_F1s": [0.05914774423756091, 0.37296310906447416, 0.4740396891863769, 0.5109429903114674, 0.5542603159187196, 0.5673292659328507, 0.5823793282101261, 0.6100898587290835, 0.6271379249725288, 0.6260840626418924, 0.6689792921062053, 0.6718346426872129], "val_losses": [0.38617588952183723, 0.34950654255226254, 0.30362614756450057, 0.36685165186645463, 0.2760568440426141, 0.31999069527955726, 0.3443356354837306, 0.37784151767846197, 0.27678655536146834, 0.29679351684171706, 0.28280120818271826, 0.2874778359546326], "val_F1s": [0.3444544634806132, 0.49772382397572074, 0.5151291512915129, 0.5453247680228408, 0.5478873239436619, 0.549344375431332, 0.5618131868131868, 0.5530458590006844, 0.5648021828103684, 0.5575158786167961, 0.5539518900343643, 0.5600549073438572], "test_losses": [0.37386023814295544, 0.3019730171855585, 0.2891483689531868, 0.28572770709424844, 0.28559594893437107, 0.28337749229445136, 0.2805128356004939, 0.28289989267050486, 0.2837815312323747, 0.299599391143815, 0.3020602828466598, 0.3130865800021975], "test_F1s": [0.17276264591439688, 0.3620689655172414, 0.3767741935483871, 0.41019266625233064, 0.4080882352941177, 0.4165666266506603, 0.4270588235294118, 0.42857142857142855, 0.4243845252051583, 0.4133663366336634, 0.4093919325707405, 0.4127557160048135]}