{"train_losses": [0.5372279368935616, 0.18525759128967362, 0.14896701666320994, 0.13291062087152905, 0.12046954547549148, 0.11780018115442403, 0.11288981753108507, 0.10486571349535889, 0.10601296611654927, 0.10161842292550724, 0.10112018087450328, 0.09950640209963624, 0.09691453118209548, 0.09075646697950195, 0.10610006239370141], "train_F1s": [0.0191697698525109, 0.26972103773648537, 0.3892022776342976, 0.45536376422635483, 0.49487203767012367, 0.5054408856851775, 0.5128518871671958, 0.5140223823529644, 0.5436971720487439, 0.5330650180835759, 0.5561830338822008, 0.5468995007798949, 0.5503315246596463, 0.5820707450774251, 0.5535461133326403], "val_losses": [0.4379098869394511, 0.39403806801419705, 0.3352826329646632, 0.39895038481336087, 0.2934467804370797, 0.36751321284100413, 0.3829592174733989, 0.38375769543927163, 0.28311429161112756, 0.29734479350736365, 0.27972264807249303, 0.2707750627887435, 0.2715510929519951, 0.2785899451118894, 0.2829089515871601], "val_F1s": [0.22200198216055497, 0.44894651539708263, 0.5015105740181269, 0.5361271676300577, 0.5397973950795948, 0.5584045584045584, 0.5605633802816902, 0.5655853314527504, 0.5672473867595819, 0.5829846582984659, 0.578616352201258, 0.591878871300757, 0.5833333333333334, 0.5877437325905293, 0.5914127423822714], "test_losses": [0.4237301187750734, 0.3384193394471098, 0.30973023185391485, 0.3024216722007151, 0.2967700726456112, 0.2901703077425927, 0.28775393227000295, 0.29191176420836534, 0.2814565649555053, 0.28048350586107484, 0.28684776924826483, 0.28292296210556855, 0.2821175778905551, 0.2813775275408486, 0.2808271720085615], "test_F1s": [0.07516339869281047, 0.2558970693352394, 0.32400000000000007, 0.37326607818411095, 0.3690176322418136, 0.39012345679012345, 0.4, 0.39731051344743284, 0.41371016235718583, 0.417910447761194, 0.4160671462829737, 0.4281490242460083, 0.42697947214076243, 0.42261904761904767, 0.42677824267782427]}