{"train_losses": [0.4513526357264376, 0.1671801231049456, 0.14761400748778816, 0.1345657823922139, 0.12752969948216364, 0.12234213000312098, 0.11769330230904437, 0.11367624146566495, 0.11129895060764791, 0.10864457631474929, 0.10680260330858365, 0.10672790861465561, 0.10141999499233956], "train_F1s": [0.0770449133961839, 0.32422583943543964, 0.3798278209017471, 0.42160458773720944, 0.4309888352503603, 0.4318566670082792, 0.4661919895529528, 0.4586345627108096, 0.4765582962529508, 0.48505305388091735, 0.49482925580445974, 0.4916995900614126, 0.4994436418767404], "val_losses": [0.39628365432145074, 0.35384458606131375, 0.35654183756560087, 0.40829856076743454, 0.3205595307954354, 0.3562396841007285, 0.39318718656431884, 0.4277070819516666, 0.31241614470491186, 0.3200388057739474, 0.32167547699646093, 0.3304327945224941, 0.328920023428509], "val_F1s": [0.28867924528301886, 0.39590443686006827, 0.41064006650041557, 0.44026186579378074, 0.4458700882117081, 0.4544, 0.46526151444184227, 0.45362431800467656, 0.4665653495440729, 0.4690603514132926, 0.45865834633385333, 0.437888198757764, 0.43887147335423193], "test_losses": [0.3509671340386073, 0.30099852042801584, 0.29611895849675307, 0.29390128987070957, 0.2904726838072141, 0.2921400430618015, 0.2907158062321904, 0.29615447257449967, 0.2851760855151547, 0.29100157986797487, 0.29750007915276067, 0.31208985551823804, 0.31278930889603535], "test_F1s": [0.2152671755725191, 0.29937629937629934, 0.3076923076923077, 0.33536173089925625, 0.33243606998654107, 0.3351063829787234, 0.3585760517799353, 0.3570057581573896, 0.35972134262191263, 0.364907819453274, 0.35446313065976714, 0.3436293436293436, 0.3387201034259858]}