{"train_losses": [7.116253089527009, 2.2620442569815498, 1.8932268280938198, 1.6710131475483307, 1.5040464909843436, 1.377190121392689, 1.283262746434816], "train_F1s": [0.18925819647997857, 0.4437678041278786, 0.5153682886384042, 0.5643178930742362, 0.5962141484255449, 0.6298006899664613, 0.6425517179232437], "val_losses": [3.9871199540793896, 4.220691226888448, 4.312566328793764, 3.695493945851922, 3.8396946284919977, 3.700321481563151, 3.761636690236628], "val_F1s": [0.3007380073800738, 0.1878787878787879, 0.19940179461615157, 0.3570784490532011, 0.27203065134099613, 0.29734848484848486, 0.3004694835680752], "test_losses": [4.980771583539468, 5.220857680585511, 5.3243105396826715, 4.507782574053164, 4.94184903966056, 4.731615726805844, 4.721419657086149], "test_F1s": [0.20323325635103928, 0.15198059822150364, 0.13927125506072874, 0.24772036474164133, 0.19558359621451105, 0.20904836193447734, 0.2015625]}