{"train_losses": [11.508277041811338, 3.405383673492172, 2.7925447119233753, 2.4522939328576476, 2.2124611204358895, 2.0313936007414624, 1.8803195122262122, 1.7556041303864667, 1.6452687191361552, 1.5482411952645565, 1.4609170808618617, 1.3935763360888744, 1.3122167422178206, 1.2441544527878783, 1.1844587544320335, 1.1263197156744944, 1.0740540734898876, 1.021981506840164, 0.9789438347021738, 0.9362505285392905, 0.8947082838402108, 0.8588251169298736, 0.8226396426068785, 0.7906812337082876, 0.7591424865621916, 0.7308134875247176, 0.7036401884096889], "train_F1s": [0.00013810969395964515, 0.14429127123499183, 0.30299990124394416, 0.37486916292285377, 0.4299244935049587, 0.4527401762814428, 0.5018677786826705, 0.5210226963760859, 0.5535166239554686, 0.5574172960600913, 0.6053722292799859, 0.6002805046119856, 0.6201056389684131, 0.6516102875283442, 0.6599533879961754, 0.6711057505040839, 0.6716157976075594, 0.702623523015266, 0.7128727274018729, 0.7286685368588973, 0.7159267385866155, 0.7475044811832909, 0.7332812938046573, 0.7537837767137723, 0.7521687248719647, 0.7840491532951256, 0.7678802650295325], "val_losses": [4.951151564717293, 4.159157244488597, 3.9365817699581385, 3.782206377014518, 3.5483922082930803, 3.5007571885362267, 3.4554141890257597, 3.4349343311041594, 3.1932412665337324, 3.1799906557425857, 3.0996006969362497, 3.0553444055840373, 3.038637947291136, 3.016330573707819, 2.9447558000683784, 2.9675456304103136, 2.943937591277063, 2.903729925863445, 2.965183555148542, 2.9066498056054115, 2.8722332809120417, 2.867580186575651, 2.9596278574317694, 2.8093312438577414, 2.8820348270237446, 2.853443421423435, 2.861051286570728], "val_F1s": [0.007134363852556481, 0.2915451895043732, 0.3257142857142857, 0.37992831541218636, 0.3893805309734513, 0.39292035398230085, 0.4236706689536879, 0.4193270060396894, 0.43728813559322033, 0.4444444444444445, 0.44928751047778703, 0.44928751047778703, 0.4453781512605042, 0.4559932942162615, 0.4577114427860697, 0.45614035087719296, 0.4511784511784512, 0.46972176759410794, 0.45537948290241864, 0.46089850249584025, 0.47116968698517303, 0.4736842105263158, 0.44650379106992416, 0.4757201646090534, 0.4658901830282861, 0.47407407407407415, 0.4586092715231789], "test_losses": [6.059500452918633, 5.122486992017653, 4.840871387427201, 4.5545204141993585, 4.4789693859624276, 4.388321463087642, 4.212434341878067, 4.217908903036588, 4.092613560182077, 4.089123510284188, 4.049361477295737, 4.0073634490922645, 4.00580660023807, 3.97722545100583, 3.901272017646719, 3.906979461143046, 3.9029711966897236, 3.8728910305617767, 3.9395872280921465, 3.8744780914283092, 3.8247064735257514, 3.81647538807666, 3.870804197626349, 3.78784586985906, 3.809174980542818, 3.8367188258303537, 3.831299582381307], "test_F1s": [0.014492753623188406, 0.19620253164556964, 0.226502311248074, 0.26874536005939126, 0.2833948339483395, 0.3028529626920264, 0.31209735146743023, 0.31344356578001437, 0.33168666196189134, 0.33262861169837915, 0.3356741573033708, 0.3382250174703004, 0.32980972515856233, 0.34149755073477955, 0.3483068417415342, 0.3480662983425415, 0.3412256267409471, 0.35423845623707784, 0.34535367545076284, 0.3492723492723493, 0.349862258953168, 0.35123966942148765, 0.34401114206128136, 0.3505866114561767, 0.3483068417415342, 0.3526170798898072, 0.34962147281486583]}