{"train_losses": [5.654077362706404, 2.622039026357758, 2.0238845500867693, 1.817025188968775, 1.3922167698822112, 1.0975457492848517, 0.9557086506360014], "train_F1s": [0.08678517455077198, 0.3953964133228297, 0.5237756964717203, 0.5567088814174377, 0.6241157976258104, 0.6859876937935492, 0.7258582132320197], "val_losses": [3.820157341659069, 3.4624297376722097, 3.095288997516036, 3.2604677360504866, 3.2949876384809613, 3.7002687361091375, 4.203189752995968], "val_F1s": [0.4423820572312452, 0.5080336648814079, 0.5038167938931297, 0.5355272999252058, 0.5216049382716049, 0.5003971405877681, 0.4724919093851133], "test_losses": [5.041623051522621, 4.532836606473099, 4.291058162113013, 4.316505396807635, 4.6044093347442, 5.132546741342931, 5.458819506712902], "test_F1s": [0.3264781491002571, 0.37532467532467534, 0.38025594149908587, 0.4066955982641042, 0.4017632241813602, 0.38615179760319573, 0.35818908122503335]}