{"train_losses": [1.7551402446526887, 0.7448876369195875, 0.4739566163662937, 0.35060365163002605, 0.24848881498924555, 0.22355464727242705, 0.1615174017849802, 0.115642133024577, 0.1179721533454702, 0.07954566731862561, 0.07728966881501351, 0.08260901837632217, 0.04914445644522016, 0.0631132427865081], "train_F1s": [0.40100032541346875, 0.6844104132428691, 0.7998362800628392, 0.8307617381461777, 0.8756644269753824, 0.9083057685578301, 0.9200748706505031, 0.9378100891191974, 0.9447568855989228, 0.9486421509353663, 0.9613360618125442, 0.952441486396111, 0.9680835642223279, 0.9672279147324879], "val_losses": [0.5532622885814128, 0.5666146842384401, 0.6123247142809893, 0.8304676796877289, 0.8330803777344309, 0.9871898735289789, 1.2467438505475943, 0.9700697833441179, 1.1249081460708514, 1.2657294250965747, 1.3894197638085146, 1.2682768796605886, 1.1963980187422203, 1.4128095116810309], "val_F1s": [0.5765042979942693, 0.6097560975609756, 0.6108075288403157, 0.5744125326370757, 0.6041317699609157, 0.6167846309403437, 0.6041778253883234, 0.6392961876832844, 0.633101231922871, 0.6396344945745288, 0.6568349404424276, 0.6342541436464088, 0.6459276018099548, 0.6394557823129252], "test_losses": [0.7413356115358957, 0.8196134617178029, 0.8183418174831517, 1.0448413012684346, 1.1087314097546273, 1.2539447730650073, 1.4870388329152489, 1.3038168057768489, 1.4164278627953684, 1.6276616705747382, 1.831330680112908, 1.6572207937267758, 1.59560583713879, 1.8718315979955606], "test_F1s": [0.4627224627224627, 0.4719101123595506, 0.491, 0.47683807904802383, 0.4901875272568687, 0.4828869047619047, 0.5030198446937015, 0.52868068833652, 0.5022531749283081, 0.5354752342704151, 0.5298996071584462, 0.5261802575107296, 0.5348733896046202, 0.5300248138957816]}