{"train_losses": [0.11110054083123488, 0.05196690674747405, 0.0371602753070366, 0.027254257691877098, 0.021229802692522507, 0.015545190167108626, 0.012667968214809991, 0.012361652354960484, 0.009710120146334683], "train_F1s": [0.38499964252524443, 0.6304254756270732, 0.7069192338486857, 0.7596579387655282, 0.7938912873638342, 0.8304699920209687, 0.8518257140021439, 0.8417725912945103, 0.8538372525724963], "val_losses": [0.07478773409603925, 0.07549473509502089, 0.07638209695681453, 0.07977176039849959, 0.11075571944567283, 0.09990573613981543, 0.11671639434292462, 0.10088553823453729, 0.132666081521381], "val_F1s": [0.4486215538847118, 0.4795874516544908, 0.5236564079007808, 0.600752283718431, 0.45939490445859876, 0.6017885323513941, 0.5790265930757652, 0.5524475524475525, 0.5936473165388828], "test_losses": [0.07243322373095969, 0.07164770361718406, 0.07679352088869688, 0.07885229309908608, 0.10625252562011525, 0.09657519385857331, 0.12108799707386672, 0.08515913242325712, 0.12760560862994125], "test_F1s": [0.3468277945619335, 0.3525721455457967, 0.39193491333569147, 0.4288, 0.2746326186461094, 0.4431232659532303, 0.4001542020046261, 0.42658177477118975, 0.4411764705882353]}