{"train_losses": [0.1496196328141808, 0.08531189779117929, 0.06732509912095762, 0.06149305842445426, 0.055603364725903895, 0.050819439478668745, 0.044937564662215934, 0.04462603566847359, 0.04031593202306605, 0.03770511030371433, 0.03418751441721672, 0.033319607104830375, 0.03174052294554735, 0.02998912011609438, 0.030071246890376498, 0.029293107468876818, 0.02475385860876909, 0.027098280306992732], "train_F1s": [0.23730920284247933, 0.49191112239464635, 0.5671956306858797, 0.5774045531817389, 0.6252139856170459, 0.6285098938748117, 0.6682925078664245, 0.6510821182853566, 0.691243351985658, 0.7166512611104844, 0.7212644902115922, 0.7154566384100981, 0.722424519839483, 0.7439632342287223, 0.7313755436746697, 0.7509837660281371, 0.768869374956344, 0.7614701979445656], "val_losses": [0.08238476039325734, 0.07082695315166876, 0.06571766064013293, 0.07541975796733809, 0.07048831798018283, 0.0662680643421443, 0.06740150425956636, 0.06224522265509793, 0.069103477683685, 0.06842993672059892, 0.07235443136715612, 0.07627184284816553, 0.07479677432754855, 0.07455514492030105, 0.07240615445328938, 0.0749392456308715, 0.07895100375454342, 0.07592089322392859], "val_F1s": [0.43112701252236135, 0.47422680412371143, 0.46473029045643155, 0.44400317712470216, 0.5334608030592735, 0.5242809995285244, 0.5226415094339623, 0.5390549662487946, 0.5322819122720551, 0.5418671799807508, 0.5588382573860791, 0.5096743747050496, 0.5312208760484622, 0.5810882197569995, 0.6083995459704882, 0.5976138828633405, 0.5602766798418972, 0.5580943121050073], "test_losses": [0.07730892941058762, 0.06829285466808278, 0.06212323996591272, 0.0659027342013552, 0.0628882550372208, 0.0599154823442331, 0.062131911558610066, 0.06302102845196861, 0.0642628892610239, 0.06280988334498791, 0.06599729145080716, 0.06855156516953223, 0.06716645612573255, 0.07012615009112425, 0.06861700916027227, 0.0730349960165459, 0.07256588959385782, 0.072658460749172], "test_F1s": [0.3182724252491694, 0.3710407239819004, 0.36079900124843944, 0.3492063492063492, 0.40079496522027164, 0.4067542213883677, 0.42170429715950475, 0.4416184971098266, 0.4304, 0.42906574394463665, 0.4448091916290521, 0.39999999999999997, 0.4205607476635514, 0.4799662589624631, 0.4841163310961969, 0.4436974789915966, 0.42601749714720416, 0.4385485758876317]}