{"train_losses": [4.872881745088828, 1.8915135710731918, 1.4588728347014932, 1.2311370327998774, 1.060052217732013, 0.8926029627871626, 0.7766048226138236], "train_F1s": [0.18594935510444893, 0.5438991229076631, 0.6341480318464959, 0.6648791727665395, 0.7154626953709402, 0.7233282396619095, 0.7377739336751191], "val_losses": [3.5237618256360292, 3.589953700080514, 3.9956715870648623, 2.7895931638777256, 3.5767935290932655, 3.341951700858772, 3.5057140458375216], "val_F1s": [0.2293488824101069, 0.2624179943767572, 0.24031007751937986, 0.5334346504559272, 0.26320845341018256, 0.34877384196185285, 0.3582358235823583], "test_losses": [5.0372654156368455, 5.031349766424593, 5.7520848718690285, 3.968741530989423, 5.606402919725458, 5.0477089721157595, 5.251839782352801], "test_F1s": [0.12674897119341563, 0.15602836879432622, 0.1468189233278956, 0.3307745987438939, 0.15922014622258326, 0.20969023034154094, 0.2270947533281128]}