{"train_losses": [5.4588781758933, 2.1569106564835203, 1.7332247316557476, 1.485922374775712, 1.2813260612633306, 1.1628371068569416, 1.0007301371702007], "train_F1s": [0.11784524204855869, 0.4701591149675674, 0.5454804546515699, 0.5983841778616303, 0.6608712807117085, 0.6665162646668732, 0.7038935080809924], "val_losses": [2.925540544092655, 2.4913017554208636, 2.3743632482364774, 2.494001343846321, 2.4659415651112795, 2.522818027064204, 2.638975627720356], "val_F1s": [0.5609228550829127, 0.6319261213720316, 0.6584867075664622, 0.6758349705304519, 0.6544467073998642, 0.6684856753069577, 0.6499686912961804], "test_losses": [4.214938406958992, 3.5553953292561165, 3.670304437846313, 3.5530873272154064, 4.081266942583484, 3.892306833677454, 3.826079649873722], "test_F1s": [0.3951406649616368, 0.5129032258064516, 0.4843473124630833, 0.5258525852585257, 0.48532055122828033, 0.5125148986889153, 0.5199579831932772]}